0.0977498492494208,0.9022501507505792,6.347392808403948e-05
0.09781332317750484,0.9021866768224952,6.347392808403948e-05
0.09787679710558887,0.9021232028944112,3.173696404201974e-05
0.0979085340696309,0.9020914659303692,0.00012694785616807895
0.09803548192579897,0.901964518074201,3.173696404201974e-05
0.098067218889841,0.901932781110159,3.173696404201974e-05
0.09809895585388302,0.9019010441461169,0.13545336253134024
0.23355231838522328,0.7664476816147767,9.521089212605922e-05
0.23364752927734933,0.7663524707226507,0.00038084356850423686
0.23402837284585357,0.7659716271541465,3.173696404201974e-05
0.23406010980989558,0.7659398901901044,3.173696404201974e-05
0.2340918467739376,0.7659081532260624,0.00038084356850423686
0.23447269034244184,0.7655273096575581,0.00034910660446221717
0.23482179694690405,0.7651782030530959,3.173696404201974e-05
0.23485353391094607,0.7651464660890539,0.00022215874829413818
0.23507569265924022,0.7649243073407598,0.005077914246723159
0.24015360690596338,0.7598463930940367,3.173696404201974e-05
0.2401853438700054,0.7598146561299947,0.00034910660446221717
0.24053445047446761,0.7594655495255324,3.173696404201974e-05
0.24056618743850963,0.7594338125614903,0.00022215874829413818
0.24078834618680378,0.7592116538131962,0.0005712653527563553
0.24135961153956012,0.7586403884604399,0.0002538957123361579
0.2416135072518963,0.7583864927481038,3.173696404201974e-05
0.2416452442159383,0.7583547557840618,0.0001586848202100987
0.2418039290361484,0.7581960709638516,0.027388999968263036
0.26919292900441144,0.7308070709955886,0.00012694785616807895
0.2693198768605795,0.7306801231394204,3.173696404201974e-05
0.2693516138246215,0.7306483861753784,3.173696404201974e-05
0.26938335078866354,0.7306166492113364,0.00038084356850423686
0.2697641943571678,0.7302358056428322,0.00044431749658827637
0.27020851185375605,0.729791488146244,0.0005395283887143356
0.2707480402424704,0.7292519597575295,3.173696404201974e-05
0.2707797772065124,0.7292202227934875,0.0001586848202100987
0.2709384620267225,0.7290615379732774,3.173696404201974e-05
0.2709701989907645,0.7290298010092354,0.008346821543051192
0.27931702053381574,0.7206829794661843,3.173696404201974e-05
0.27934875749785776,0.7206512425021423,6.347392808403948e-05
0.2794122314259418,0.7205877685740582,3.173696404201974e-05
0.2794439683899838,0.7205560316100161,9.521089212605922e-05
0.27953917928210986,0.7204608207178901,3.173696404201974e-05
0.2795709162461519,0.7204290837538481,3.173696404201974e-05
0.2796026532101939,0.720397346789806,0.0002538957123361579
0.2798565489225301,0.7201434510774699,3.173696404201974e-05
0.2798882858865721,0.7201117141134279,0.0005712653527563553
0.2804595512393284,0.7195404487606716,3.173696404201974e-05
0.2804912882033705,0.7195087117966296,0.00019042178425211843
0.2806817099876226,0.7193182900123775,6.347392808403948e-05
0.28074518391570663,0.7192548160842934,3.173696404201974e-05
0.28077692087974865,0.7192230791202514,0.0002538957123361579
0.2810308165920848,0.7189691834079152,0.020152972166682534
0.30118378875876733,0.6988162112412326,3.173696404201974e-05
0.30121552572280935,0.6987844742771906,0.00022215874829413818
0.3014376844711035,0.6985623155288965,3.173696404201974e-05
0.3014694214351455,0.6985305785648545,0.00028563267637817766
0.3017550541115237,0.6982449458884763,0.000603002316798375
0.3023580564283221,0.697641943571678,0.0002538957123361579
0.3026119521406582,0.6973880478593418,3.173696404201974e-05
0.30264368910470024,0.6973563108952997,0.00019042178425211843
0.30283411088895235,0.6971658891110476,3.173696404201974e-05
0.30286584785299436,0.6971341521470056,0.0194547589577581
0.3223206068107525,0.6776793931892475,6.347392808403948e-05
0.3223840807388365,0.6776159192611635,9.521089212605922e-05
0.32247929163096256,0.6775207083690374,0.00022215874829413818
0.32270145037925674,0.6772985496207433,0.00044431749658827637
0.323145767875845,0.676854232124155,0.0003173696404201974
0.3234631375162652,0.6765368624837348,3.173696404201974e-05
0.3234948744803072,0.6765051255196928,3.173696404201974e-05
0.32352661144434924,0.6764733885556508,6.347392808403948e-05
0.3235900853724333,0.6764099146275667,3.173696404201974e-05
0.3236218223364753,0.6763781776635247,0.019264337173505983
0.34288615950998125,0.6571138404900188,6.347392808403948e-05
0.34294963343806534,0.6570503665619347,3.173696404201974e-05
0.34298137040210736,0.6570186295978927,0.00038084356850423686
0.34336221397061156,0.6566377860293884,0.0005712653527563553
0.34393347932336793,0.6560665206766321,0.00038084356850423686
0.34431432289187214,0.6556856771081279,3.173696404201974e-05
0.3443460598559142,0.6556539401440858,0.00019042178425211843
0.3445364816401663,0.6554635183598337,3.173696404201974e-05
0.34456821860420833,0.6554317813957917,0.005268336030975277
0.3498365546351836,0.6501634453648164,3.173696404201974e-05
0.3498682915992256,0.6501317084007744,0.0001586848202100987
0.3500269764194357,0.6499730235805643,3.173696404201974e-05
0.3500587133834777,0.6499412866165223,0.0002538957123361579
0.3503126090958139,0.6496873909041861,3.173696404201974e-05
0.3503443460598559,0.6496556539401441,0.0004760544606302961
0.3508204005204862,0.6491795994795138,0.0003173696404201974
0.3511377701609064,0.6488622298390936,3.173696404201974e-05
0.35116950712494843,0.6488304928750516,0.00012694785616807895
0.3512964549811165,0.6487035450188835,0.007172553873496462
0.35846900885461297,0.641530991145387,3.173696404201974e-05
0.358500745818655,0.641499254181345,3.173696404201974e-05
0.358532482782697,0.641467517217303,3.173696404201974e-05
0.358564219746739,0.641435780253261,3.173696404201974e-05
0.35859595671078104,0.641404043289219,0.00012694785616807895
0.3587229045669491,0.6412770954330509,0.00034910660446221717
0.35907201117141135,0.6409279888285887,0.00019042178425211843
0.35926243295566346,0.6407375670443365,0.00012694785616807895
0.3593893808118315,0.6406106191881684,3.173696404201974e-05
0.35942111777587354,0.6405788822241264,3.173696404201974e-05
0.35945285473991556,0.6405471452600844,0.0017455330223110858
0.3611983877622267,0.6388016122377733,9.521089212605922e-05
0.36129359865435273,0.6387064013456473,6.347392808403948e-05
0.36135707258243677,0.6386429274175632,0.0002538957123361579
0.3616109682947729,0.6383890317052271,0.00022215874829413818
0.3618331270430671,0.638166872956933,3.173696404201974e-05
0.3618648640071091,0.638135135992891,6.347392808403948e-05
0.36192833793519313,0.6380716620648069,3.173696404201974e-05
0.36196007489923515,0.6380399251007649,0.09632168586752991
0.4582817607667651,0.5417182392332349,6.347392808403948e-05
0.4583452346948491,0.5416547653051509,3.173696404201974e-05
0.45837697165889113,0.5416230283411089,6.347392808403948e-05
0.45844044558697516,0.5415595544130248,0.0004125805325462566
0.4588530261195214,0.5411469738804786,0.00022215874829413818
0.45907518486781557,0.5409248151321845,3.173696404201974e-05
0.4591069218318576,0.5408930781681425,9.521089212605922e-05
0.45920213272398364,0.5407978672760164,0.0021263765908153226
0.46132850931479896,0.538671490685201,3.173696404201974e-05
0.461360246278841,0.538639753721159,6.347392808403948e-05
0.461423720206925,0.538576279793075,3.173696404201974e-05
0.46145545717096703,0.538544542829033,0.00034910660446221717
0.4618045637754292,0.5381954362245708,9.521089212605922e-05
0.4618997746675553,0.5381002253324447,9.521089212605922e-05
0.4619949855596814,0.5380050144403187,3.173696404201974e-05
0.4620267225237234,0.5379732774762767,3.173696404201974e-05
0.4620584594877654,0.5379415405122346,0.00844203243517725
0.47050049192294263,0.5294995080770574,3.173696404201974e-05
0.47053222888698465,0.5294677711130154,0.00012694785616807895
0.4706591767431528,0.5293408232568473,0.00012694785616807895
0.47078612459932084,0.5292138754006792,0.00019042178425211843
0.47097654638357295,0.529023453616427,0.0001586848202100987
0.47113523120378303,0.5288647687962169,0.0022850614110254213
0.47342029261480845,0.5265797073851916,3.173696404201974e-05
0.47345202957885046,0.5265479704211495,3.173696404201974e-05
0.4734837665428925,0.5265162334571075,0.0001586848202100987
0.4736424513631026,0.5263575486368974,3.173696404201974e-05
0.47367418832714464,0.5263258116728554,3.173696404201974e-05
0.47370592529118666,0.5262940747088134,0.0001586848202100987
0.47386461011139674,0.5261353898886033,0.0001586848202100987
0.47402329493160683,0.5259767050683931,0.00028563267637817766
0.47430892760798504,0.525691072392015,6.347392808403948e-05
0.4743724015360691,0.5256275984639309,0.014948110063791297
0.48932051159986034,0.5106794884001397,6.347392808403948e-05
0.4893839855279444,0.5106160144720556,6.347392808403948e-05
0.4894474594560284,0.5105525405439716,0.00012694785616807895
0.48957440731219654,0.5104255926878035,9.521089212605922e-05
0.4896696182043226,0.5103303817956775,0.00019042178425211843
0.4898600399885747,0.5101399600114253,6.347392808403948e-05
0.4899235139166587,0.5100764860833412,0.011647465803421245
0.50157097972008,0.49842902027992003,3.173696404201974e-05
0.501602716684122,0.498397283315878,0.00012694785616807895
0.5017296645402901,0.49827033545970995,3.173696404201974e-05
0.5017614015043321,0.49823859849566793,3.173696404201974e-05
0.5017931384683741,0.4982068615316259,9.521089212605922e-05
0.5018883493605002,0.4981116506394998,0.00044431749658827637
0.5023326668570884,0.49766733314291156,6.347392808403948e-05
0.5023961407851725,0.4976038592148275,6.347392808403948e-05
0.5024596147132565,0.4975403852867435,9.521089212605922e-05
0.5025548256053826,0.4974451743946174,6.347392808403948e-05
0.5026182995334666,0.49738170046653335,3.173696404201974e-05
0.5026500364975086,0.49734996350249133,3.173696404201974e-05
0.5026817734615506,0.4973182265384493,0.008315084579009173
0.5109968580405598,0.48900314195944017,3.173696404201974e-05
0.5110285950046018,0.48897140499539815,0.00012694785616807895
0.5111555428607699,0.4888444571392301,3.173696404201974e-05
0.5111872798248119,0.48881272017518806,0.0001586848202100987
0.511345964645022,0.4886540353549779,3.173696404201974e-05
0.511377701609064,0.4886222983909359,0.00022215874829413818
0.5115998603573582,0.4884001396426418,3.173696404201974e-05
0.5116315973214003,0.48836840267859977,3.173696404201974e-05
0.5116633342854423,0.48833666571455775,9.521089212605922e-05
0.5117585451775684,0.4882414548224317,3.173696404201974e-05
0.5117902821416104,0.4882097178583897,0.002316798375067441
0.5141070805166778,0.48589291948332225,3.173696404201974e-05
0.5141388174807198,0.48586118251928023,3.173696404201974e-05
0.5141705544447618,0.48582944555523816,3.173696404201974e-05
0.5142022914088038,0.48579770859119614,3.173696404201974e-05
0.5142340283728458,0.4857659716271541,0.0001586848202100987
0.5143927131930559,0.48560728680694404,9.521089212605922e-05
0.514487924085182,0.485512075914818,0.00012694785616807895
0.5146148719413501,0.4853851280586499,3.173696404201974e-05
0.5146466089053922,0.4853533910946079,6.347392808403948e-05
0.5147100828334762,0.48528991716652387,3.173696404201974e-05
0.5147418197975182,0.48525818020248185,3.173696404201974e-05
0.5147735567615602,0.48522644323843983,0.005300072995017296
0.5200736297565774,0.4799263702434225,3.173696404201974e-05
0.5201053667206195,0.4798946332793805,3.173696404201974e-05
0.5201371036846615,0.47986289631533846,6.347392808403948e-05
0.5202005776127455,0.4797994223872544,3.173696404201974e-05
0.5202323145767875,0.4797676854232124,3.173696404201974e-05
0.5202640515408296,0.4797359484591704,9.521089212605922e-05
0.5203592624329557,0.47964073756704434,3.173696404201974e-05
0.5203909993969977,0.4796090006030023,0.00012694785616807895
0.5205179472531658,0.47948205274683425,3.173696404201974e-05
0.5205496842172078,0.47945031578279224,0.0009521089212605922
0.5215017931384683,0.4784982068615316,3.173696404201974e-05
0.5215335301025104,0.4784664698974896,3.173696404201974e-05
0.5215652670665524,0.47843473293344757,3.173696404201974e-05
0.5215970040305944,0.47840299596940555,3.173696404201974e-05
0.5216287409946364,0.47837125900536354,0.00012694785616807895
0.5217556888508045,0.47824431114919547,3.173696404201974e-05
0.5217874258148466,0.47821257418515345,3.173696404201974e-05
0.5218191627788886,0.47818083722111143,3.173696404201974e-05
0.5218508997429306,0.4781491002570694,0.11177758735599352
0.6336284870989242,0.3663715129010759,3.173696404201974e-05
0.6336602240629662,0.3663397759370339,0.00012694785616807895
0.6337871719191343,0.3662128280808658,3.173696404201974e-05
0.6338189088831763,0.3661810911168238,6.347392808403948e-05
0.6338823828112603,0.36611761718873975,0.0003173696404201974
0.6341997524516805,0.3658002475483195,0.00012694785616807895
0.6343267003078485,0.36567329969215145,9.521089212605922e-05
0.6344219111999746,0.3655780888000254,3.173696404201974e-05
0.6344536481640166,0.3655463518359834,0.001999428734647244
0.6364530768986639,0.36354692310133613,0.0001586848202100987
0.636611761718874,0.36338823828112604,9.521089212605922e-05
0.6367069726110001,0.363293027389,0.00012694785616807895
0.6368339204671681,0.36316607953283186,3.173696404201974e-05
0.6368656574312102,0.36313434256878985,0.00019042178425211843
0.6370560792154623,0.36294392078453774,3.173696404201974e-05
0.6370878161795043,0.3629121838204957,3.173696404201974e-05
0.6371195531435463,0.3628804468564537,0.00983845885302612
0.6469580119965724,0.35304198800342756,3.173696404201974e-05
0.6469897489606145,0.35301025103938555,3.173696404201974e-05
0.6470214859246565,0.35297851407534353,6.347392808403948e-05
0.6470849598527405,0.3529150401472595,9.521089212605922e-05
0.6471801707448666,0.35281982925513344,0.00019042178425211843
0.6473705925291187,0.35262940747088134,3.173696404201974e-05
0.6474023294931607,0.3525976705068393,6.347392808403948e-05
0.6474658034212447,0.3525341965787553,3.173696404201974e-05
0.6474975403852867,0.35250245961471327,6.347392808403948e-05
0.6475610143133708,0.35243898568662924,3.173696404201974e-05
0.6475927512774128,0.3524072487225872,0.002570694087403599
0.6501634453648164,0.3498365546351836,9.521089212605922e-05
0.6502586562569425,0.34974134374305754,3.173696404201974e-05
0.6502903932209845,0.3497096067790155,0.00012694785616807895
0.6504173410771525,0.34958265892284746,0.0001586848202100987
0.6505760258973626,0.34942397410263737,0.00022215874829413818
0.6507981846456568,0.3492018153543432,0.009489352248563902
0.6602875368942207,0.3397124631057793,3.173696404201974e-05
0.6603192738582627,0.3396807261417373,3.173696404201974e-05
0.6603510108223047,0.33964898917769526,3.173696404201974e-05
0.6603827477863468,0.33961725221365324,3.173696404201974e-05
0.6604144847503888,0.3395855152496112,0.0001586848202100987
0.6605731695705989,0.33942683042940114,0.0002538957123361579
0.660827065282935,0.33917293471706494,3.173696404201974e-05
0.660858802246977,0.3391411977530229,9.521089212605922e-05
0.6609540131391031,0.3390459868608969,3.173696404201974e-05
0.6609857501031451,0.33901424989685486,3.173696404201974e-05
0.6610174870671871,0.33898251293281284,3.173696404201974e-05
0.6610492240312291,0.3389507759687708,3.173696404201974e-05
0.6610809609952711,0.3389190390047288,0.00837855850709321
0.6694595195023644,0.33054048049763557,6.347392808403948e-05
0.6695229934304484,0.33047700656955153,3.173696404201974e-05
0.6695547303944904,0.3304452696055095,3.173696404201974e-05
0.6695864673585324,0.3304135326414675,0.00028563267637817766
0.6698721000349107,0.33012789996508934,0.0001586848202100987
0.6700307848551208,0.32996921514487926,3.173696404201974e-05
0.6700625218191628,0.32993747818083724,6.347392808403948e-05
0.6701259957472468,0.3298740042527532,3.173696404201974e-05
0.6701577327112889,0.3298422672887112,3.173696404201974e-05
0.6701894696753309,0.3298105303246691,0.010314513313656416
0.6805039829889873,0.3194960170110127,3.173696404201974e-05
0.6805357199530293,0.3194642800469707,0.00019042178425211843
0.6807261417372814,0.3192738582627186,3.173696404201974e-05
0.6807578787013234,0.3192421212986766,0.00012694785616807895
0.6808848265574915,0.3191151734425085,9.521089212605922e-05
0.6809800374496175,0.31901996255038245,3.173696404201974e-05
0.6810117744136596,0.31898822558634043,6.347392808403948e-05
0.6810752483417436,0.31892475165825634,0.0020311656986892633
0.6831064140404329,0.3168935859595671,3.173696404201974e-05
0.683138151004475,0.3168618489955251,6.347392808403948e-05
0.683201624932559,0.3167983750674411,3.173696404201974e-05
0.683233361896601,0.31676663810339906,9.521089212605922e-05
0.683328572788727,0.31667142721127295,6.347392808403948e-05
0.6833920467168111,0.3166079532831889,3.173696404201974e-05
0.6834237836808531,0.3165762163191469,3.173696404201974e-05
0.6834555206448951,0.3165444793551049,3.173696404201974e-05
0.6834872576089371,0.31651274239106286,3.173696404201974e-05
0.6835189945729792,0.31648100542702085,3.173696404201974e-05
0.6835507315370212,0.3164492684629788,3.173696404201974e-05
0.6835824685010632,0.3164175314989368,0.003967120505252468
0.6875495890063157,0.31245041099368437,3.173696404201974e-05
0.6875813259703577,0.31241867402964235,9.521089212605922e-05
0.6876765368624838,0.31232346313751624,0.00012694785616807895
0.6878034847186518,0.3121965152813482,3.173696404201974e-05
0.6878352216826938,0.31216477831730616,0.00012694785616807895
0.6879621695388619,0.3120378304611381,3.173696404201974e-05
0.6879939065029039,0.31200609349709607,0.0001586848202100987
0.688152591323114,0.311847408676886,3.173696404201974e-05
0.688184328287156,0.31181567171284397,3.173696404201974e-05
0.688216065251198,0.31178393474880195,0.0013964264178488687
0.6896124916690469,0.3103875083309531,3.173696404201974e-05
0.6896442286330889,0.31035577136691106,3.173696404201974e-05
0.689675965597131,0.31032403440286904,3.173696404201974e-05
0.689707702561173,0.310292297438827,0.00019042178425211843
0.6898981243454251,0.31010187565457487,3.173696404201974e-05
0.6899298613094671,0.31007013869053285,6.347392808403948e-05
0.6899933352375511,0.3100066647624488,3.173696404201974e-05
0.6900250722015931,0.3099749277984068,3.173696404201974e-05
0.6900568091656352,0.3099431908343648,9.521089212605922e-05
0.6901520200577613,0.3098479799422387,3.173696404201974e-05
0.6901837570218033,0.3098162429781967,0.05414326065568568
0.744327017677489,0.255672982322511,3.173696404201974e-05
0.744358754641531,0.255641245358469,3.173696404201974e-05
0.744390491605573,0.255609508394427,9.521089212605922e-05
0.7444857024976991,0.2555142975023009,3.173696404201974e-05
0.7445174394617411,0.2554825605382589,0.00012694785616807895
0.7446443873179092,0.25535561268209084,6.347392808403948e-05
0.7447078612459932,0.2552921387540068,3.173696404201974e-05
0.7447395982100352,0.2552604017899648,0.0008886349931765527
0.7456282332032118,0.25437176679678825,6.347392808403948e-05
0.7456917071312958,0.25430829286870416,3.173696404201974e-05
0.7457234440953379,0.25427655590466214,6.347392808403948e-05
0.7457869180234219,0.2542130819765781,3.173696404201974e-05
0.7458186549874639,0.2541813450125361,6.347392808403948e-05
0.745882128915548,0.25411787108445205,6.347392808403948e-05
0.745945602843632,0.254054397156368,0.004379701037798724
0.7503253038814307,0.2496746961185693,3.173696404201974e-05
0.7503570408454727,0.24964295915452728,3.173696404201974e-05
0.7503887778095147,0.24961122219048526,6.347392808403948e-05
0.7504522517375988,0.24954774826240123,6.347392808403948e-05
0.7505157256656828,0.2494842743343172,6.347392808403948e-05
0.7505791995937668,0.24942080040623313,9.521089212605922e-05
0.7506744104858929,0.24932558951410708,3.173696404201974e-05
0.7507061474499349,0.24929385255006506,3.173696404201974e-05
0.7507378844139769,0.24926211558602304,0.0011425307055127106
0.7518804151194897,0.24811958488051034,6.347392808403948e-05
0.7519438890475737,0.2480561109524263,3.173696404201974e-05
0.7519756260116157,0.24802437398838428,0.0001586848202100987
0.7521343108318258,0.24786568916817417,3.173696404201974e-05
0.7521660477958678,0.24783395220413215,0.005395283887143356
0.7575613316830112,0.2424386683169888,3.173696404201974e-05
0.7575930686470532,0.24240693135294678,3.173696404201974e-05
0.7576248056110952,0.24237519438890476,3.173696404201974e-05
0.7576565425751373,0.24234345742486274,0.0001586848202100987
0.7578152273953473,0.24218477260465263,9.521089212605922e-05
0.7579104382874734,0.24208956171252657,0.0001586848202100987
0.7580691231076835,0.2419308768923165,0.0033958551524961122
0.7614649782601797,0.23853502173982036,0.00012694785616807895
0.7615919261163477,0.2384080738836523,9.521089212605922e-05
0.7616871370084738,0.23831286299152624,6.347392808403948e-05
0.7617506109365578,0.2382493890634422,6.347392808403948e-05
0.7618140848646419,0.23818591513535814,3.173696404201974e-05
0.7618458218286839,0.23815417817131612,9.521089212605922e-05
0.7619410327208099,0.23805896727919007,0.004570122822050843
0.7665111555428608,0.23348884445713922,3.173696404201974e-05
0.7665428925069028,0.2334571074930972,9.521089212605922e-05
0.7666381033990288,0.23336189660097115,3.173696404201974e-05
0.7666698403630708,0.23333015963692913,3.173696404201974e-05
0.7667015773271129,0.2332984226728871,3.173696404201974e-05
0.7667333142911549,0.2332666857088451,6.347392808403948e-05
0.7667967882192389,0.23320321178076106,0.0010790567774286712
0.7678758449966676,0.2321241550033324,3.173696404201974e-05
0.7679075819607096,0.23209241803929037,3.173696404201974e-05
0.7679393189247516,0.23206068107524835,0.00019042178425211843
0.7681297407090037,0.23187025929099622,3.173696404201974e-05
0.7681614776730458,0.2318385223269542,3.173696404201974e-05
0.7681932146370878,0.2318067853629122,0.0001586848202100987
0.7683518994572979,0.23164810054270207,9.521089212605922e-05
0.7684471103494239,0.23155288965057602,6.347392808403948e-05
0.7685105842775081,0.231489415722492,0.003300644260370053
0.7718112285378781,0.22818877146212194,3.173696404201974e-05
0.7718429655019201,0.22815703449807992,9.521089212605922e-05
0.7719381763940462,0.22806182360595387,3.173696404201974e-05
0.7719699133580882,0.22803008664191182,6.347392808403948e-05
0.7720333872861722,0.2279666127138278,6.347392808403948e-05
0.7720968612142562,0.22790313878574375,3.173696404201974e-05
0.7721285981782983,0.22787140182170174,0.0005395283887143356
0.7726681265670126,0.2273318734329874,3.173696404201974e-05
0.7726998635310546,0.22730013646894537,3.173696404201974e-05
0.7727316004950966,0.22726839950490335,6.347392808403948e-05
0.7727950744231806,0.22720492557681932,9.521089212605922e-05
0.7728902853153068,0.22710971468469326,3.173696404201974e-05
0.7729220222793488,0.22707797772065125,3.173696404201974e-05
0.7729537592433908,0.22704624075660923,0.05566663492970263
0.8286203941730934,0.1713796058269066,3.173696404201974e-05
0.8286521311371354,0.17134786886286457,3.173696404201974e-05
0.8286838681011774,0.17131613189882255,9.521089212605922e-05
0.8287790789933035,0.1712209210066965,0.00022215874829413818
0.8290012377415976,0.17099876225840235,6.347392808403948e-05
0.8290647116696817,0.17093528833031832,6.347392808403948e-05
0.8291281855977657,0.17087181440223428,0.0009521089212605922
0.8300802945190263,0.16991970548097368,3.173696404201974e-05
0.8301120314830683,0.16988796851693166,0.0001586848202100987
0.8302707163032784,0.16972928369672158,9.521089212605922e-05
0.8303659271954045,0.16963407280459553,3.173696404201974e-05
0.8303976641594465,0.16960233584055348,3.173696404201974e-05
0.8304294011234885,0.16957059887651146,3.173696404201974e-05
0.8304611380875305,0.16953886191246945,0.003967120505252468
0.834428258592783,0.16557174140721698,3.173696404201974e-05
0.834459995556825,0.16554000444317496,3.173696404201974e-05
0.8344917325208671,0.16550826747913294,9.521089212605922e-05
0.8345869434129931,0.1654130565870069,9.521089212605922e-05
0.8346821543051192,0.16531784569488084,3.173696404201974e-05
0.8347138912691612,0.16528610873083882,3.173696404201974e-05
0.8347456282332032,0.16525437176679678,6.347392808403948e-05
0.8348091021612872,0.16519089783871274,0.0011425307055127106
0.8359516328668,0.16404836713320003,6.347392808403948e-05
0.836015106794884,0.163984893205116,3.173696404201974e-05
0.836046843758926,0.16395315624107398,6.347392808403948e-05
0.83611031768701,0.16388968231298995,3.173696404201974e-05
0.8361420546510521,0.16385794534894793,3.173696404201974e-05
0.8361737916150941,0.1638262083849059,0.003586276936748231
0.8397600685518424,0.16023993144815768,9.521089212605922e-05
0.8398552794439684,0.1601447205560316,6.347392808403948e-05
0.8399187533720525,0.16008124662794757,9.521089212605922e-05
0.8400139642641785,0.1599860357358215,0.00012694785616807895
0.8401409121203466,0.15985908787965344,9.521089212605922e-05
0.8402361230124726,0.15976387698752736,3.173696404201974e-05
0.8402678599765147,0.15973214002348535,0.0033958551524961122
0.8436637151290107,0.15633628487098924,3.173696404201974e-05
0.8436954520930527,0.15630454790694723,6.347392808403948e-05
0.8437589260211368,0.1562410739788632,9.521089212605922e-05
0.8438541369132628,0.1561458630867371,3.173696404201974e-05
0.8438858738773048,0.1561141261226951,0.003300644260370053
0.847186518137675,0.15281348186232505,6.347392808403948e-05
0.847249992065759,0.152750007934241,3.173696404201974e-05
0.847281729029801,0.152718270970199,3.173696404201974e-05
0.847313465993843,0.15268653400615698,9.521089212605922e-05
0.8474086768859691,0.15259132311403092,6.347392808403948e-05
0.8474721508140531,0.15252784918594686,3.173696404201974e-05
0.8475038877780952,0.15249611222190484,0.0006347392808403948
0.8481386270589355,0.15186137294106447,3.173696404201974e-05
0.8481703640229775,0.15182963597702243,6.347392808403948e-05
0.8482338379510616,0.1517661620489384,3.173696404201974e-05
0.8482655749151036,0.15173442508489637,3.173696404201974e-05
0.8482973118791456,0.15170268812085436,0.0001586848202100987
0.8484559966993558,0.15154400330064427,0.0020311656986892633
0.850487162398045,0.149512837601955,3.173696404201974e-05
0.850518899362087,0.14948110063791298,6.347392808403948e-05
0.8505823732901711,0.14941762670982894,9.521089212605922e-05
0.8506775841822971,0.1493224158177029,0.0001586848202100987
0.8508362690025072,0.14916373099749278,6.347392808403948e-05
0.8508997429305912,0.14910025706940874,3.173696404201974e-05
0.8509314798946332,0.14906852010536673,0.00044431749658827637
0.8513757973912216,0.14862420260877846,3.173696404201974e-05
0.8514075343552636,0.14859246564473644,6.347392808403948e-05
0.8514710082833477,0.14852899171665238,3.173696404201974e-05
0.8515027452473897,0.14849725475261036,0.0001586848202100987
0.8516614300675998,0.14833856993240027,3.173696404201974e-05
0.8516931670316418,0.14830683296835825,0.03161001618585166
0.8833031832174935,0.11669681678250658,3.173696404201974e-05
0.8833349201815355,0.11666507981846456,3.173696404201974e-05
0.8833666571455775,0.11663334285442255,3.173696404201974e-05
0.8833983941096195,0.11660160589038053,6.347392808403948e-05
0.8834618680377035,0.11653813196229648,3.173696404201974e-05
0.8834936050017456,0.11650639499825446,6.347392808403948e-05
0.8835570789298296,0.11644292107017043,3.173696404201974e-05
0.8835888158938716,0.11641118410612841,0.00019042178425211843
0.8837792376781237,0.1162207623218763,6.347392808403948e-05
0.8838427116062078,0.11615728839379225,3.173696404201974e-05
0.8838744485702498,0.11612555142975023,3.173696404201974e-05
0.8839061855342918,0.11609381446570821,0.0015233742740169475
0.8854295598083087,0.11457044019169127,3.173696404201974e-05
0.8854612967723507,0.11453870322764924,9.521089212605922e-05
0.8855565076644768,0.11444349233552319,3.173696404201974e-05
0.8855882446285188,0.11441175537148117,6.347392808403948e-05
0.8856517185566029,0.11434828144339712,6.347392808403948e-05
0.8857151924846869,0.11428480751531309,3.173696404201974e-05
0.8857469294487289,0.11425307055127107,0.0005395283887143356
0.8862864578374433,0.11371354216255673,3.173696404201974e-05
0.8863181948014853,0.11368180519851472,3.173696404201974e-05
0.8863499317655273,0.11365006823447268,3.173696404201974e-05
0.8863816687295694,0.11361833127043067,3.173696404201974e-05
0.8864134056936114,0.11358659430638865,6.347392808403948e-05
0.8864768796216954,0.11352312037830461,0.0026341680154876386
0.8891110476371831,0.11088895236281697,3.173696404201974e-05
0.8891427846012251,0.11085721539877495,3.173696404201974e-05
0.8891745215652671,0.11082547843473294,3.173696404201974e-05
0.8892062585293091,0.11079374147069092,0.001586848202100987
0.8907931067314101,0.10920689326858993,6.347392808403948e-05
0.8908565806594941,0.10914341934050589,3.173696404201974e-05
0.8908883176235362,0.10911168237646386,3.173696404201974e-05
0.8909200545875782,0.10907994541242184,0.0017455330223110858
0.8926655876098892,0.10733441239011077,3.173696404201974e-05
0.8926973245739313,0.10730267542606874,3.173696404201974e-05
0.8927290615379733,0.10727093846202672,6.347392808403948e-05
0.8927925354660573,0.10720746453394268,3.173696404201974e-05
0.8928242724300993,0.10717572756990067,3.173696404201974e-05
0.8928560093941413,0.10714399060585865,0.0002538957123361579
0.8931099051064775,0.10689009489352248,3.173696404201974e-05
0.8931416420705195,0.10685835792948047,3.173696404201974e-05
0.8931733790345615,0.10682662096543845,6.347392808403948e-05
0.8932368529626455,0.1067631470373544,9.521089212605922e-05
0.8933320638547717,0.10666793614522835,3.173696404201974e-05
0.8933638008188137,0.10663619918118633,0.001332952489764829
0.8946967533085785,0.10530324669142149,0.00012694785616807895
0.8948237011647466,0.10517629883525342,3.173696404201974e-05
0.8948554381287886,0.1051445618712114,3.173696404201974e-05
0.8948871750928307,0.10511282490716937,3.173696404201974e-05
0.8949189120568727,0.10508108794312736,0.0004760544606302961
0.8953949665175029,0.10460503348249707,6.347392808403948e-05
0.895458440445587,0.10454155955441302,6.347392808403948e-05
0.895521914373671,0.10447808562632899,3.173696404201974e-05
0.895553651337713,0.10444634866228697,6.347392808403948e-05
0.8956171252657971,0.10438287473420292,0.016503221301850265
0.9121203465676473,0.08787965343235266,3.173696404201974e-05
0.9121520835316893,0.08784791646831064,3.173696404201974e-05
0.9121838204957313,0.08781617950426862,6.347392808403948e-05
0.9122472944238155,0.08775270557618459,3.173696404201974e-05
0.9122790313878575,0.08772096861214257,0.00022215874829413818
0.9125011901361516,0.08749880986384842,3.173696404201974e-05
0.9125329271001936,0.0874670728998064,0.00012694785616807895
0.9126598749563617,0.08734012504363832,6.347392808403948e-05
0.9127233488844457,0.08727665111555429,0.0013012155257228094
0.9140245644101685,0.08597543558983148,6.347392808403948e-05
0.9140880383382526,0.08591196166174744,3.173696404201974e-05
0.9141197753022946,0.08588022469770541,0.0004760544606302961
0.9145958297629249,0.08540417023707512,6.347392808403948e-05
0.9146593036910089,0.08534069630899108,3.173696404201974e-05
0.9146910406550509,0.08530895934494906,0.0015233742740169475
0.9162144149290679,0.08378558507093212,3.173696404201974e-05
0.9162461518931099,0.0837538481068901,6.347392808403948e-05
0.9163096258211939,0.08369037417880605,3.173696404201974e-05
0.9163413627852359,0.08365863721476403,3.173696404201974e-05
0.9163730997492779,0.08362690025072202,6.347392808403948e-05
0.916436573677362,0.08356342632263798,3.173696404201974e-05
0.916468310641404,0.08353168935859595,0.0015233742740169475
0.9179916849154209,0.08200831508457901,3.173696404201974e-05
0.9180234218794631,0.08197657812053699,3.173696404201974e-05
0.9180551588435051,0.08194484115649497,0.0018724808784791648
0.9199276397219842,0.0800723602780158,3.173696404201974e-05
0.9199593766860262,0.08004062331397378,3.173696404201974e-05
0.9199911136500682,0.08000888634993177,6.347392808403948e-05
0.9200545875781523,0.07994541242184773,9.521089212605922e-05
0.9201497984702783,0.07985020152972166,3.173696404201974e-05
0.9201815354343204,0.07981846456567965,3.173696404201974e-05
0.9202132723983624,0.07978672760163763,6.347392808403948e-05
0.9202767463264464,0.07972325367355358,0.0005077914246723158
0.9207845377511187,0.07921546224888128,3.173696404201974e-05
0.9208162747151607,0.07918372528483925,3.173696404201974e-05
0.9208480116792027,0.07915198832079723,3.173696404201974e-05
0.9208797486432447,0.07912025135675521,0.0010790567774286712
0.9219588054206734,0.07804119457932654,3.173696404201974e-05
0.9219905423847155,0.07800945761528452,0.0004125805325462566
0.9224031229172618,0.07759687708273827,3.173696404201974e-05
0.9224348598813038,0.07756514011869625,3.173696404201974e-05
0.9224665968453458,0.07753340315465422,0.013837316322320607
0.9363039131676664,0.06369608683233362,6.347392808403948e-05
0.9363673870957504,0.06363261290424958,3.173696404201974e-05
0.9363991240597924,0.06360087594020757,0.00012694785616807895
0.9365260719159605,0.06347392808403948,3.173696404201974e-05
0.9365578088800025,0.06344219111999747,6.347392808403948e-05
0.9366212828080865,0.06337871719191342,6.347392808403948e-05
0.9366847567361706,0.06331524326382938,3.173696404201974e-05
0.9367164937002126,0.06328350629978736,0.0010790567774286712
0.9377955504776413,0.06220444952235869,9.521089212605922e-05
0.9378907613697673,0.062109238630232634,3.173696404201974e-05
0.9379224983338094,0.06207750166619061,0.0002538957123361579
0.9381763940461455,0.06182360595385446,3.173696404201974e-05
0.9382081310101875,0.06179186898981243,0.00120600463359675
0.9394141356437843,0.060585864356215685,3.173696404201974e-05
0.9394458726078263,0.06055412739217367,6.347392808403948e-05
0.9395093465359103,0.060490653464089626,3.173696404201974e-05
0.9395410834999524,0.0604589165000476,6.347392808403948e-05
0.9396045574280364,0.06039544257196357,0.0010790567774286712
0.9406836142054651,0.059316385794534895,3.173696404201974e-05
0.9407153511695071,0.05928464883049288,3.173696404201974e-05
0.9407470881335491,0.059252911866450854,6.347392808403948e-05
0.9408105620616332,0.05918943793836682,0.000856898029134533
0.9416674600907677,0.05833253990923228,3.173696404201974e-05
0.9416991970548098,0.058300802945190265,6.347392808403948e-05
0.9417626709828938,0.058237329017106224,3.173696404201974e-05
0.9417944079469358,0.058205592053064206,0.00022215874829413818
0.9420165666952299,0.057983433304770064,6.347392808403948e-05
0.942080040623314,0.05791995937668603,3.173696404201974e-05
0.942111777587356,0.057888222412644005,0.000729950172966454
0.9428417277603225,0.05715827223967755,3.173696404201974e-05
0.9428734647243645,0.057126535275635534,3.173696404201974e-05
0.9429052016884065,0.05709479831159351,3.173696404201974e-05
0.9429369386524485,0.05706306134755149,3.173696404201974e-05
0.9429686756164906,0.057031324383509475,3.173696404201974e-05
0.9430004125805326,0.05699958741946745,3.173696404201974e-05
0.9430321495445746,0.056967850455425434,0.0001586848202100987
0.9431908343647847,0.05680916563521533,6.347392808403948e-05
0.9432543082928687,0.0567456917071313,9.521089212605922e-05
0.9433495191849948,0.05665048081500524,3.173696404201974e-05
0.9433812561490368,0.056618743850963216,0.005807864419689612
0.9491891205687264,0.0508108794312736,3.173696404201974e-05
0.9492208575327684,0.050779142467231586,3.173696404201974e-05
0.9492525944968104,0.05074740550318956,3.173696404201974e-05
0.9492843314608524,0.050715668539147545,3.173696404201974e-05
0.9493160684248945,0.05068393157510553,0.0003173696404201974
0.9496334380653146,0.050366561934685326,3.173696404201974e-05
0.9496651750293567,0.05033482497064331,3.173696404201974e-05
0.9496969119933987,0.05030308800660129,3.173696404201974e-05
0.9497286489574407,0.05027135104255927,0.0006347392808403948
0.9503633882382811,0.04963661176171887,3.173696404201974e-05
0.9503951252023232,0.049604874797676855,9.521089212605922e-05
0.9504903360944492,0.049509663905550796,3.173696404201974e-05
0.9505220730584912,0.04947792694150877,0.00022215874829413818
0.9507442318067854,0.04925576819321464,3.173696404201974e-05
0.9507759687708274,0.04922403122917262,6.347392808403948e-05
0.9508394426989114,0.04916055730108858,0.0005712653527563553
0.9514107080516678,0.048589291948332225,3.173696404201974e-05
0.9514424450157098,0.0485575549842902,3.173696404201974e-05
0.9514741819797519,0.04852581802024818,3.173696404201974e-05
0.9515059189437939,0.048494081056206166,3.173696404201974e-05
0.9515376559078359,0.04846234409216414,0.000603002316798375
0.9521406582246342,0.04785934177536577,3.173696404201974e-05
0.9521723951886762,0.04782760481132375,0.000729950172966454
0.9529023453616428,0.04709765463835729,3.173696404201974e-05
0.9529340823256848,0.047065917674315276,0.00022215874829413818
0.9531562410739789,0.046843758926021134,3.173696404201974e-05
0.9531879780380209,0.04681202196197912,0.0005077914246723158
0.9536957694626932,0.0463042305373068,0.00012694785616807895
0.9538227173188613,0.04617728268113872,3.173696404201974e-05
0.9538544542829033,0.046145545717096705,3.173696404201974e-05
0.9538861912469453,0.04611380875305468,3.173696404201974e-05
0.9539179282109873,0.04608207178901266,3.173696404201974e-05
0.9539496651750293,0.046050334824970646,3.173696404201974e-05
0.9539814021390713,0.04601859786092862,0.019232600209463963
0.9732140023485354,0.026785997651464662,3.173696404201974e-05
0.9732457393125774,0.02675426068742264,3.173696404201974e-05
0.9732774762766194,0.02672252372338062,3.173696404201974e-05
0.9733092132406614,0.0266907867593386,3.173696404201974e-05
0.9733409502047035,0.026659049795296583,0.0003173696404201974
0.9736583198451236,0.026341680154876385,3.173696404201974e-05
0.9736900568091656,0.026309943190834365,6.347392808403948e-05
0.9737535307372497,0.026246469262750326,3.173696404201974e-05
0.9737852677012917,0.026214732298708306,0.0001586848202100987
0.9739439525215018,0.026056047478498205,0.00028563267637817766
0.9742295851978799,0.02577041480212003,3.173696404201974e-05
0.974261322161922,0.025738677838078008,3.173696404201974e-05
0.974293059125964,0.02570694087403599,3.173696404201974e-05
0.974324796090006,0.02567520390999397,0.00034910660446221717
0.9746739026944683,0.02532609730553175,6.347392808403948e-05
0.9747373766225523,0.025262623377447713,3.173696404201974e-05
0.9747691135865943,0.025230886413405693,3.173696404201974e-05
0.9748008505506364,0.025199149449363675,0.00022215874829413818
0.9750230092989305,0.024976990701069537,3.173696404201974e-05
0.9750547462629725,0.024945253737027516,3.173696404201974e-05
0.9750864832270145,0.024913516772985495,0.002888063727823796
0.9779745469548383,0.0220254530451617,3.173696404201974e-05
0.9780062839188803,0.02199371608111968,3.173696404201974e-05
0.9780380208829224,0.02196197911707766,0.00012694785616807895
0.9781649687390904,0.02183503126090958,3.173696404201974e-05
0.9781967057031324,0.021803294296867563,0.00044431749658827637
0.9786410231997207,0.021358976800279286,3.173696404201974e-05
0.9786727601637627,0.021327239836237265,3.173696404201974e-05
0.9787044971278047,0.021295502872195247,3.173696404201974e-05
0.9787362340918467,0.021263765908153227,3.173696404201974e-05
0.9787679710558888,0.021232028944111206,0.00034910660446221717
0.979117077660351,0.020882922339648988,0.0002538957123361579
0.9793709733726872,0.020629026627312832,6.347392808403948e-05
0.9794344473007712,0.02056555269922879,0.00028563267637817766
0.9797200799771494,0.020279920022850614,3.173696404201974e-05
0.9797518169411914,0.020248183058808593,3.173696404201974e-05
0.9797835539052334,0.020216446094766576,6.347392808403948e-05
0.9798470278333175,0.020152972166682534,9.521089212605922e-05
0.9799422387254435,0.020057761274556475,3.173696404201974e-05
0.9799739756894855,0.020026024310514458,0.004570122822050843
0.9845440985115363,0.015455901488463614,3.173696404201974e-05
0.9845758354755784,0.015424164524421594,6.347392808403948e-05
0.9846393094036624,0.015360690596337554,3.173696404201974e-05
0.9846710463677044,0.015328953632295535,3.173696404201974e-05
0.9847027833317464,0.015297216668253516,0.0001586848202100987
0.9848614681519566,0.015138531848043417,3.173696404201974e-05
0.9848932051159986,0.015106794884001396,0.00022215874829413818
0.9851153638642928,0.014884636135707258,3.173696404201974e-05
0.9851471008283348,0.014852899171665239,9.521089212605922e-05
0.9852423117204608,0.01475768827953918,3.173696404201974e-05
0.9852740486845029,0.014725951315497159,9.521089212605922e-05
0.9853692595766289,0.0146307404233711,3.173696404201974e-05
0.9854009965406709,0.014599003459329081,0.002062902662731283
0.9874638992034022,0.012536100796597798,3.173696404201974e-05
0.9874956361674442,0.012504363832555777,9.521089212605922e-05
0.9875908470595702,0.012409152940429718,9.521089212605922e-05
0.9876860579516964,0.01231394204830366,3.173696404201974e-05
0.9877177949157384,0.01228220508426164,3.173696404201974e-05
0.9877495318797804,0.01225046812021962,0.00012694785616807895
0.9878764797359485,0.012123520264051542,6.347392808403948e-05
0.9879399536640325,0.012060046335967502,0.00012694785616807895
0.9880669015202006,0.011933098479799422,3.173696404201974e-05
0.9880986384842426,0.011901361515757403,6.347392808403948e-05
0.9881621124123267,0.011837887587673363,0.0014281633818908884
0.9895902757942175,0.010409724205782475,6.347392808403948e-05
0.9896537497223016,0.010346250277698435,3.173696404201974e-05
0.9896854866863436,0.010314513313656416,9.521089212605922e-05
0.9897806975784696,0.010219302421530357,3.173696404201974e-05
0.9898124345425117,0.010187565457488336,9.521089212605922e-05
0.9899076454346377,0.010092354565362277,9.521089212605922e-05
0.9900028563267638,0.009997143673236219,3.173696404201974e-05
0.9900345932908058,0.009965406709194198,6.347392808403948e-05
0.9900980672188898,0.00990193278111016,3.173696404201974e-05
0.9901298041829318,0.009870195817068139,0.009076771716017645
0.9992065758989495,0.0007934241010504935,3.173696404201974e-05
0.9992383128629915,0.0007616871370084737,0.00012694785616807895
0.9993652607191597,0.0006347392808403948,3.173696404201974e-05
0.9993969976832017,0.000603002316798375,3.173696404201974e-05
0.9994287346472437,0.0005712653527563553,0.0001586848202100987
0.9995874194674538,0.0004125805325462566,3.173696404201974e-05
0.9996191564314958,0.00038084356850423686,3.173696404201974e-05
0.9996508933955378,0.00034910660446221717,3.173696404201974e-05
0.9996826303595798,0.0003173696404201974,3.173696404201974e-05
0.9997143673236218,0.00028563267637817766,6.347392808403948e-05
0.9997778412517059,0.00022215874829413818,6.347392808403948e-05
0.9998413151797899,0.0001586848202100987,3.173696404201974e-05
0.9998730521438319,0.00012694785616807895,3.173696404201974e-05
0.999904789107874,9.521089212605922e-05,6.347392808403948e-05
0.999968263035958,3.173696404201974e-05,3.173696404201974e-05
